﻿<parameters>
  <parameter name="IIS Web Application Name" defaultValue="prodactive" tags="IisApp">
    <parameterEntry kind="ProviderPath" scope="IisApp" match="^E:\\D\\Documentos\\Empresa\\Proyectos\\Prodactive\\Src\\Zeitgeist\.Appsco\\Zeitgeist\.Appsco\.Web\\obj\\Release\\Package\\PackageTmp$" />
    <parameterEntry kind="ProviderPath" scope="setAcl" match="^E:\\D\\Documentos\\Empresa\\Proyectos\\Prodactive\\Src\\Zeitgeist\.Appsco\\Zeitgeist\.Appsco\.Web\\obj\\Release\\Package\\PackageTmp$" />
  </parameter>
  <parameter name="db-Web.config Connection String" defaultValue="mongodb://prodactive:pr0d4ct1v3@kratos.zeitgeist.com.co:27017/prodactive">
    <parameterEntry kind="XmlFile" scope="E:\\D\\Documentos\\Empresa\\Proyectos\\Prodactive\\Src\\Zeitgeist\.Appsco\\Zeitgeist\.Appsco\.Web\\obj\\Release\\Package\\PackageTmp\\Web\.config$" match="/configuration/connectionStrings/add[@name='db']/@connectionString" />
  </parameter>
  <parameter name="DefaultConnection-Web.config Connection String" defaultValue="Data Source=(LocalDb)\v11.0;Initial Catalog=aspnet-Zeitgeist.Appsco.Web-20140628005511;Integrated Security=SSPI;AttachDBFilename=|DataDirectory|\aspnet-Zeitgeist.Appsco.Web-20140628005511.mdf">
    <parameterEntry kind="XmlFile" scope="E:\\D\\Documentos\\Empresa\\Proyectos\\Prodactive\\Src\\Zeitgeist\.Appsco\\Zeitgeist\.Appsco\.Web\\obj\\Release\\Package\\PackageTmp\\Web\.config$" match="/configuration/connectionStrings/add[@name='DefaultConnection']/@connectionString" />
  </parameter>
</parameters>